Frequency_X,Amplitude_X,Frequency_Y,Amplitude_Y
0.9950000000000001,1.0,1.9900000000000002,1.0
